{"cameraMode":{"drawMode":0,"name":"Shaded","section":"Shading Mode"},"sceneLighting":true,"audioPlay":false,"sceneViewState":{"m_AlwaysRefresh":false,"showFog":true,"showSkybox":true,"showFlares":true,"showImageEffects":true,"showParticleSystems":true,"showVisualEffectGraphs":true,"m_FxEnabled":true},"in2DMode":false,"pivot":{"x":37.945838928222659,"y":-27.602720260620118,"z":-76.82673645019531},"rotation":{"x":-0.034593768417835239,"y":-0.9635719060897827,"z":0.15482020378112794,"w":-0.21536707878112794},"size":48.85284423828125,"orthographic":false}